signature,timestamp,hour,day_of_week,day_name,compute_units,fee_lamports,fee_sol,instructions,success,slot
39hk754gFardzXre4y4ZouqDW3TjeEsguwAkRQSmex1pr6R4y7X6pPH1y2uPHB8Nzckya4LseB3wcdxmzMgK5LHW,2025-12-22 18:16:55+00:00,18,0,Monday,169376,5400,5.4e-06,5,False,388460032
4fJwRqw18URKM5xspwFeNTxJnnqaVAXCx9jS6ErK5BPYNMo3eJaZHnbTCgDoPuBaS7aK5wRNu8nHM78n4tusc5Ya,2025-12-22 18:16:55+00:00,18,0,Monday,170836,5400,5.4e-06,5,False,388460032
37uf5oDLimaNSCC3gjuLfuzfCFgasddwz6PWhfKmmKiPe5pqYDa5ihiM7kLJm5CoxJSXA7PSvsHU1oV531enVjDW,2025-12-22 18:16:55+00:00,18,0,Monday,111626,5001,5.001e-06,6,False,388460032
mh6NTFT6Ev4bAioRV7posXyobZqEUT9Md6QaPn7mzmYJ6UvqaVmUirns3DwEYEBoK2Lm7DfCTzqA81aGbtvhJ1w,2025-12-22 18:16:55+00:00,18,0,Monday,46620,12156,1.2156e-05,3,True,388460032
4KMczeyZp7RwDnCXQqceZRBbTJwRNw8aZjpkSzaAGozUoMj5G5gCGvTVqsCeAeg5Bq9VvezQc6afC7P1AXjKsRRA,2025-12-22 18:16:55+00:00,18,0,Monday,46620,16955,1.6955e-05,3,True,388460032
5njuTodAnmjnD61CaqfSckyTrATDZBubZZtLdDYGLabPzrXVDFSdn14rfcbm4Bzf9DzjPvBoSsLsWSpW2NPFXUYd,2025-12-22 18:16:55+00:00,18,0,Monday,46620,14499,1.4499e-05,3,True,388460032
4wsPJ2RwYsBNp2HoFCBDfdCCuvWLFMFL2eCapBgiUn9Y6M7SDnEd7uM4BN8DtMsQc8QBystDJJzJyQ3ZA5dSxWHq,2025-12-22 18:16:55+00:00,18,0,Monday,176016,10305,1.0305e-05,5,False,388460032
4HYgSMforLr9bHNKjYuEEuFXiJ9oV9aMmApqyxMiJBVo2k27KQmvstBgs6TTdhjvGYtvfLKa97X39Bu77uF7NVSC,2025-12-22 18:16:55+00:00,18,0,Monday,46620,14529,1.4529e-05,3,True,388460032
6eGTRHZ2xAxXnrxo6koA4JNJ2RztmugmSyk27HtQQEkCe4jD9HsHu6jNkHmaCajTcSagAAypdtvkWfbm64vHiZQ,2025-12-22 18:16:55+00:00,18,0,Monday,178470,5101,5.101e-06,3,False,388460032
4cJ4mmsscaLtkXXoJgZZjfXKRbiAhp1SCYfE6KPMS6XPQz2aaUbKmXk2iJT23stc7KQ16xoYr9FCKrDLk3MmoRvp,2025-12-22 18:16:55+00:00,18,0,Monday,187251,5138,5.138e-06,3,False,388460032
4ujwhiLQ4Ktj3ZxfCEPpKUDW2putYRnMTM3a42peuzrVrzRAF6pSKtXQBUtNQQfVo8PN9KJdxE7p4Q9rwxdtYP8L,2025-12-22 18:16:55+00:00,18,0,Monday,178541,5101,5.101e-06,3,False,388460032
4NyeQre6PFFjzNWJN8mKVB932VerfFPJKMMStPmfMibkRuFq4cEx5ArKDuQ41RxHTxhzFxt9rJJ3jgnyBGKcXSRm,2025-12-22 18:16:55+00:00,18,0,Monday,130823,5138,5.138e-06,3,False,388460032
5WfQDmrK8Zhe9WiW5JCuCNDtRRiLCSef2zxuapdBAmovU4RPPM47FuHoKYPYwyaC7zp1wJdFzAhNVkHLQ42rZdA5,2025-12-22 18:16:55+00:00,18,0,Monday,46620,16889,1.6889e-05,3,True,388460032
Nz2eakzi9R1nVK4iKGFbBzWNVeAg6BPKmHACqwjGzxRdABanCovX1viJNecNhFDX9ouB4hqG8NHF3pYP8G7kTEu,2025-12-22 18:16:55+00:00,18,0,Monday,46620,19099,1.9099e-05,3,True,388460032
4Z2J8NA1gfT7uP6tSBmHrf5bf6N8JX7e2dZxVR1wYDUVoRD9K9rHR4wJseE33Hj2WS9eq8MnxfUdC1s5y9xbpMc,2025-12-22 18:16:55+00:00,18,0,Monday,246959,5200,5.2e-06,5,False,388460032
3hwRtwzRfzsUeD44yXpc4jQWPcWV5e8exsEzpPE9Evvov2DkRiRMyKssGYRw99aLY7adq9pMX5rfGDTzSYYRQf9f,2025-12-22 18:16:55+00:00,18,0,Monday,96968,21227,2.1227e-05,5,True,388460031
4VWN9XhEPHuRATfuMBWvpan58E3CSw7hk217EFAs9wTPVwwifry8JrWjMGTAp9VuMC6qSxhwqKs4yJX8averwNHQ,2025-12-22 18:16:55+00:00,18,0,Monday,46620,19269,1.9269e-05,3,True,388460031
2Y4SrgxRmFQKmFbZsjtR9R7gkUnPZw7jVZCvkhktwPiWtkMmEQKHppZR2kXY6jBr6zS37cNcNe9fseEZsEwqwRd9,2025-12-22 18:16:55+00:00,18,0,Monday,247109,5200,5.2e-06,6,False,388460031
5tEcJJRt7EKSjdM7axk9PcCogR8uEwaQUGC4XdUGhXNuciddrbDrXxBJujnhETLcAtg1vcDXKLw2MjcLXor2ySMC,2025-12-22 18:16:55+00:00,18,0,Monday,46620,12168,1.2168e-05,3,True,388460031
3HJdWRr3aGGMZeHqZTW41r4tUTnpktWtx5RxWEGXF7pVU4LdpLGTc2G89kUrWPfNgdVU3cxnrhjr9Xcdb55txphJ,2025-12-22 18:16:55+00:00,18,0,Monday,46620,14569,1.4569e-05,3,True,388460031
2UcLUiY8fkPLmWsBHUC9mqZzG2S6anjM8Uu6Q3Yjt6xbTQ81vNU6WHQLPyhg4d9FV9RLVGQLaCnq3joaRtrKStx6,2025-12-22 18:16:55+00:00,18,0,Monday,46620,16949,1.6949e-05,3,True,388460030
22EjW7KuSLJ8bjwqqJGwidkQESFTqdDtgZrJNdbeE2GKjqX1iPcmqCTbw8WvpkBRgoP4XbrLxM6y5ZV5d5bqo78f,2025-12-22 18:16:55+00:00,18,0,Monday,46620,19358,1.9358e-05,3,True,388460030
zHEnDsZ53SFi6g5uNnQzJQTkgrz5BCqcEvUNAPyQj4iDD8BcmDJ9xbrG9s6J5N1e6fqX5HXREqERVazEE2T7DQo,2025-12-22 18:16:55+00:00,18,0,Monday,46620,12168,1.2168e-05,3,True,388460030
7NbH8Mnw3Vz6yD1rUH9vv9XhAB38ZeueJcp8UR9CnopuLEHPi9kWMiQXqhrRpHmYKHgxfsd35E47wqaUuBdanss,2025-12-22 18:16:55+00:00,18,0,Monday,213760,20001,2.0001e-05,3,True,388460030
fVsNPKhMr3tviwxaMGEGaNi5gesfSnAs5MH8fV1LZVAxaBVfdw4ZaNduXQA2NA7XcKENr8B1nPTapJKi6B7daLQ,2025-12-22 18:16:55+00:00,18,0,Monday,46620,14416,1.4416e-05,3,True,388460030
4nxA6hD16w7EHVGS9nB3DAPuytThRVVcLf3qa97nTQvGqUL5c7DKpxEqx1uUUxj18fnxEC4XpSx2zZa6bzrwv6u7,2025-12-22 18:16:54+00:00,18,0,Monday,46620,16780,1.678e-05,3,True,388460029
4ubEFtvXX5MH5fQXdTjXwSZk6RCtuTR2ZRvFHf6kc2Xb8xzz88AQLp4rF4ijxEapQm6KD9EV7ugvUFrL8ENjbxVb,2025-12-22 18:16:54+00:00,18,0,Monday,46620,19274,1.9274e-05,3,True,388460029
5prU4PyXk1CyDprvP2efzRS3RoZzFMbudpSgdubhYpYePi7SAGTLYKpv8YHD4aGJRsC4FfSvuaGDJjcWtf6eJfok,2025-12-22 18:16:54+00:00,18,0,Monday,98641,10298,1.0298e-05,6,False,388460029
5SiMHyKacQD2TSgHBeRsGvJ6zyw755Jsjt7npQAaczKzQDqPY8vdKdxCLkx5erxeNtLE4Jbuvn3dTKZ8NR1WgVSB,2025-12-22 18:16:54+00:00,18,0,Monday,306622,5000,5e-06,5,True,388460029
67FomoGLkgh8xTLTMtmNSWbuH2kzKa2ScxiBHmPK4s65NY3ZmvRRRKmQ2Kq1b531GaQ6vmsMppneDf92YnS9D3ur,2025-12-22 18:16:54+00:00,18,0,Monday,46620,12060,1.206e-05,3,True,388460029
2haA9xMYn3Dfd5FmYWpAsgorH6Af7ZDUex7cE8AFCcC3zACdc4RXhdnkvXiPdzLSQBsqSBtZXV7J2Y8AZDedzKFL,2025-12-22 18:16:54+00:00,18,0,Monday,32314,5340,5.34e-06,4,True,388460028
2y6Hj66zmDsiPTvcYCx4yM8S2ubUAyEnUhe6Ue6nMLeTo6d4vAYn5SeU8wR8QXfimSn6YhdjnrncMTHJs8NfbVCH,2025-12-22 18:16:54+00:00,18,0,Monday,34770,5570,5.57e-06,4,True,388460028
3E4ZZeG2uJnPCQG2TN2Dr8QUb4UKP2rKr56MrefKjC7DA2JvABfc7wptPqviQja7Mrn2r3j1X4DDwBWSK5qiMvyn,2025-12-22 18:16:54+00:00,18,0,Monday,147054,5138,5.138e-06,3,False,388460028
2uhQYTRGz79KCtYkvXsJFWGz5qy8G3dG4BAvgom9ZnE31V56dL1SDY5yJuExCUqd3ZrVkKu4LQNoKfGRFvyPdj4z,2025-12-22 18:16:54+00:00,18,0,Monday,72645,5138,5.138e-06,3,False,388460028
5oEN5JuJ1p4shQjsDF7BkTrLoXWhvq1wdh5kvbWd1VKSGUwBwytYsesCTWFy6NcCyUUfMdVW1pQGyo9z6qgVwhni,2025-12-22 18:16:54+00:00,18,0,Monday,117315,5101,5.101e-06,3,False,388460028
5ug95wghVc63zc6CapBXGW54JE1UkKrNMuwirmgUinzyQ1CXmtyWn65N1GyUUBcQCQpKhDL8GSiDAGKoWPaVPNFX,2025-12-22 18:16:54+00:00,18,0,Monday,187247,5138,5.138e-06,3,False,388460028
34CmKddSz8iJazynxCj6WYfLpYfhaK8Qcw5ToysNmkR5afgwAjUdrbDvoUkMQutQ53b44vDKUHmGP5tadFFurfRT,2025-12-22 18:16:53+00:00,18,0,Monday,95453,5300,5.3e-06,6,False,388460027
4dKeZnoTVU6PdDbbP5muPcLDgkirnyhXoDC1sL61ik3PY8G6zRu2LzV21oDiExGDrhYHkrf5ntdqh47CCBEQGWEP,2025-12-22 18:16:53+00:00,18,0,Monday,86412,5578,5.578e-06,4,True,388460027
AcUDtFHuJ8cJ32FDZZRv228FEbqLyeuqiG9hek98jcK5nspBxzDQWuucZnH73XWTaxkgDsG1wJKWQ9RciyH8zvh,2025-12-22 18:16:53+00:00,18,0,Monday,247120,5200,5.2e-06,6,False,388460027
4qPwNdm17t2Riid3KSQwsDsEbtTVQNhQVS21t8UC2tcj2QXvfgdrv9ENrtbvsbtaLZAJX1xy9W6ypK44THvmrLNL,2025-12-22 18:16:53+00:00,18,0,Monday,116787,7050,7.05e-06,3,True,388460026
2i2DjJPuYEkYmeRSViLJiaAMBRoNY4nqUNDMP3sREvQUf1j386oCBw7z8hD1uXub5ZCTVL3XqkQ4LsmeP2gd6zdr,2025-12-22 18:16:53+00:00,18,0,Monday,131617,16500,1.65e-05,3,True,388460026
5iJb5zXPofTtnGxmvCfrcS82C9pL28WzQe8wQW9XkQe6dnMW9tmikUabopTNqi2NyW3B7HBC6jzVw4eRyq79Gw9,2025-12-22 18:16:53+00:00,18,0,Monday,98557,13763,1.3763e-05,4,False,388460026
2wjnj2XMrSzKgD3zHegHwKEGa6htbCnVWq7AjGqYuJkAwrR2jbRqf16kCGqGLbmZsBF5xAxj2vJUNfpWoNgfKpf5,2025-12-22 18:16:53+00:00,18,0,Monday,141136,5000,5e-06,6,True,388460026
2s6X5xBiKvMDLxZYR9ixLcrg9UxfTUi29ZGjgbbYAGFpXav2BYfs2UptBbuve5LCy4aVcyEct2dB8z6whLqmTov6,2025-12-22 18:16:53+00:00,18,0,Monday,52391,5000,5e-06,4,True,388460026
2EFrCESe7JENMUjuKkmZx1nNp77HoaXU1CuCN6hiGiGL9F5jx5PP5uvkyYbKEHfz592ftSqRYRFeZj6Rmzh77q4H,2025-12-22 18:16:53+00:00,18,0,Monday,54422,15000,1.5e-05,4,False,388460026
5vQZvaf4CyWN6CV6SRUZNAKxgv2TaXcx67vqpWqu96WAVRWPcVWbTKdPL2xC8zCAkFWfrdBKu5WsmybQbsGwpayc,2025-12-22 18:16:53+00:00,18,0,Monday,91123,15000,1.5e-05,4,True,388460026
3W23REk64z4Tmd2FGQ7FpAeZ2jD1bGZ8J7y2UenAcDYW3sZw4VnMxJPhr6G3Dk5DsV4godk6CErSFjrqBsidWDZt,2025-12-22 18:16:53+00:00,18,0,Monday,92855,15000,1.5e-05,4,True,388460026
2jsHLVDF7T9npNb2KxHxy4NdXEvFvr5g7RTt8YQBLKKQhzq7gB1yR7WVezceXBPXfZAZ15yVUmU79DD7wyPjUbow,2025-12-22 18:16:52+00:00,18,0,Monday,147370,10000,1e-05,10,True,388460024
4FVsSpoC5UMCaZCvpmEGTFxuiNXiqLSfUX6k15xTEfKuX6PPfiXuW3yVxpZ9HvnbYDDwxz6NDKFF58JCZV4aK21V,2025-12-22 18:16:52+00:00,18,0,Monday,91369,15000,1.5e-05,4,True,388460024
2ffruta9Gc15N2xDDMuesoUbzdHTLRXE2JN7DqV6HU2QjEhLywnUSAU2V7faN3Ut8HETK2qUv6kL3RkG26Aqo8eY,2025-12-22 18:16:52+00:00,18,0,Monday,54575,15000,1.5e-05,4,False,388460024
2p5B8ncN4HnwUujo5C45A8S5tmfmuuC1G2EWga5jPU19e2aFZd5mkWUqjCUXFC2yMfhKT6f1x2wVrVNSUcqChjG,2025-12-22 18:16:52+00:00,18,0,Monday,90904,15000,1.5e-05,4,True,388460024
3Pp3BfkcuRGbvQEzzXNRAQnkAB881bTqepEtwVwT5LqfxFJnix4m8GRDupG6dj62cY94zJCxPQmWpcs5Zv1h2vxp,2025-12-22 18:16:52+00:00,18,0,Monday,135107,80001,8.0001e-05,5,True,388460024
5XKYJCryqgCpXYuKSNP6sXkEa9tPGifvFAPVXPW9TFrepvZwNUHcRMx8HBJziwp118SDYPZMJ36SXWTatACvVgAj,2025-12-22 18:16:52+00:00,18,0,Monday,53000,105000,0.000105,8,True,388460024
YxFhwJNoho9Q7rKSAn7bEbxwXq3Pcv59ngcLFCSvvadFxG8CPMZGCNXAQkanHDsFyjnKaGGWgCAiF7r6kq3RrEQ,2025-12-22 18:16:52+00:00,18,0,Monday,32314,5160,5.16e-06,4,True,388460024
dCCRLEGBwdmQPjVYB7YeSaKfiNfbcWc46ptpFixfwvD6QEoGvnojPeGEexBDrcnCmqFT8gtmfcY8JSoLSdweiDY,2025-12-22 18:16:52+00:00,18,0,Monday,271068,97234,9.7234e-05,5,True,388460024
2uAk72WdZECCm9CSTedW2uAeF1SDaUSAi44zN1BNZmk28Zxbrr8BSsPafLexScUPtquu1RLrj87bxDzF8sToHc35,2025-12-22 18:16:52+00:00,18,0,Monday,86394,5200,5.2e-06,6,False,388460023
4MzDtnHH3gJC1nsFds1seyvFyHmkYbriJMv5W9otQcqeYBSnGtgpYq6QnbsQGmxbfKt4XKMpR82jZwapcwdxkzLH,2025-12-22 18:16:52+00:00,18,0,Monday,147054,5138,5.138e-06,3,False,388460023
5HcWLBopVwJWbf7g9wg7zrV556eMCL4qCxVCpscJddGqRq3ao1ijUzw1D5YTuaEasKZfdnSc82uFhGrgqD7ahTL7,2025-12-22 18:16:52+00:00,18,0,Monday,34770,5240,5.24e-06,4,True,388460023
3HNjTsw3aMgvyKTJZHU2LYVuTwEcCcrj92gCWi6wLxW6jG4VJZCGidpvMfCxX8fShAZ5YghK1N6yzFTDSuLGB9Y4,2025-12-22 18:16:52+00:00,18,0,Monday,45073,16251,1.6251e-05,3,True,388460023
3FpkomD597w95SyhM2ptTrsTzf5M478cCp1PQ1u6f9ZjCfhKV53frGfiNuJLeTymuzHK42ARNrN7cdRc2Z8FvwsN,2025-12-22 18:16:51+00:00,18,0,Monday,86412,5551,5.551e-06,4,True,388460022
4BaNxCmhLvA3sV4tnvdNWVER5PWuVqLvTQnypV9eBReN577NZoKxfTQCekYy2sy7mKkDRZ9bBrvVZHSjX4zJpQuy,2025-12-22 18:16:51+00:00,18,0,Monday,95959,5138,5.138e-06,3,False,388460022
3C2L2nGm7K3E2Dero4sW2EGg4Fy2UrEerAsMz9oH4vGsWPa3K1XWZusnHFsi8fAwiVUPGrL7r6zqppkdmJrwhxSf,2025-12-22 18:16:51+00:00,18,0,Monday,95959,5138,5.138e-06,3,False,388460021
Dph5SabSPsstZ9LfDf4rusAkbUFjcdJYwyc5Cifc67Vjv9Q994MsFwoDiSKNBdWVPRfZqJkcMTx5eU56e8Fui5v,2025-12-22 18:16:51+00:00,18,0,Monday,332598,8004,8.004e-06,3,True,388460021
3QEopPAdWdzdvBUamkTpQ2HFft2AUFAoLfP4c5xSCMWzGh4jNssaUxDGWwFNTHVL4vekfatDVLAQL16EjE6A81mG,2025-12-22 18:16:51+00:00,18,0,Monday,179310,5363,5.363e-06,4,False,388460021
32auLGo3y1qCLTK8XjzQb2HxuE13QLXxuiAKXY92Dm4mYVXRgbsq4bWdn4SihBSSVrobyHjzKsXmWP2SjhghVGte,2025-12-22 18:16:51+00:00,18,0,Monday,95959,5138,5.138e-06,3,False,388460021
391YQN4FZDpaWfwXu1oPb8A5kYBkoANpcFtuNwRGHraBK3f4KN5KRqXqU6gRuPN3VK2xRyUR1fn5Sh9RYJpgPkgg,2025-12-22 18:16:51+00:00,18,0,Monday,146355,5000,5e-06,5,False,388460020
3UjSKkDw9uWwqHS5ca4TfAH3B9frBXYVpHb1FMXPXYt4tF8Rbm67ADwB7sAojdnRchX5viotubNK5PtW2kX69VjA,2025-12-22 18:16:51+00:00,18,0,Monday,75583,14365,1.4365e-05,7,True,388460020
3tEF1WMuuuPpXe3detxKYuR5dxwiyjVTMKYtjy1TDwmVN6CBRwAFa7U3TZxAJZVSNqwochhFwLbmXMTU1pRtfuHx,2025-12-22 18:16:51+00:00,18,0,Monday,180861,610000,0.00061,7,True,388460020
5wTGxGG2ewEThgCv3PR3PujhFs7zeM4AuJhToq7yYTagxuFq9YvHZKi7rLgbrBq4PwE6XuqLa499MFv3Fyu1P7vy,2025-12-22 18:16:51+00:00,18,0,Monday,147054,5138,5.138e-06,3,False,388460020
42dxtzDq1PN2cEWdqxaSFArfQnC8GGTAYDG7mm2FR1qBvPLpfDo53c5mwPqL6K7HJi5RDHBWgCev5CE1Jsiw7p6,2025-12-22 18:16:51+00:00,18,0,Monday,72645,5138,5.138e-06,3,False,388460020
4Vhz3wZFbY7yVgMjoAZHtMBHEaK2kkAE1gsbnezQPu5ksxPHBz9bGjDWEYYQyuNNQD8FCFYvREskjP8BsJ8T5qdz,2025-12-22 18:16:51+00:00,18,0,Monday,184748,11272,1.1272e-05,4,False,388460020
31Gqf7q5cmLGQW74YP9NPtwttarf4Qj1DmtQLKQSe2UwdHtAJEvFk46J7JyNM3aGe5SC8LD4jhTAk5w2jUjXzU37,2025-12-22 18:16:51+00:00,18,0,Monday,184748,11272,1.1272e-05,4,False,388460020
3g4WrPAJGtMYhn79wcvP8ZvHW341udWBLaF2WPshsGZ5DZaZs2wRajr1YBsuJTD5D34b8BWVznHXs5erE38EufiF,2025-12-22 18:16:51+00:00,18,0,Monday,184748,11272,1.1272e-05,4,False,388460020
4c71AHiW3EfTzfXehAY95XybwM7i7faSLRrFJFE9jTBFrxpXnobyBcQRPuJK8mpyWTwJHJxwtnmK5K6HVbayRpEX,2025-12-22 18:16:51+00:00,18,0,Monday,184748,11272,1.1272e-05,4,False,388460020
4DvPx6EjQwyiqngdfJcjrCdZichyMqGSyuXeyXraGBZbXV2AkzfJ53Z1HUmCHSCx3BGqhFMkWxrhN3rLbVBg4A87,2025-12-22 18:16:51+00:00,18,0,Monday,184748,11272,1.1272e-05,4,False,388460020
3b4oXrSP9mHdeKUX8mtcvitLnho6qFbuAs3MUwhkCpPNhxGUQdXM8p3B57wo5z7QqD4H83Xh9A6DPgVGTVJe7C88,2025-12-22 18:16:51+00:00,18,0,Monday,184748,11272,1.1272e-05,4,False,388460020
3x1MWM5bkUGWEKh7P3rp4CKjNoU9CWu54Qrk3WGVDtjvsAUJeuegZdCJph8nYYX1HNh3fBrXLmzAnQEcQ4DNYjrQ,2025-12-22 18:16:51+00:00,18,0,Monday,203487,11272,1.1272e-05,4,False,388460020
44LuJvxDnpy93Pid4C6X3idu3tfbgCVURUawpgxbB559VSh7wAVBZ95pBEgrs3gWDQWU6GqiPXR24ZRsiSpDGwYx,2025-12-22 18:16:51+00:00,18,0,Monday,203487,11272,1.1272e-05,4,False,388460020
iVixWmJmudNTdoMP4SpmcH3JvJHkUp7LNCRGTevgzhrKkNxCNH6pTawhDaryWTdwEgQiF2WpEAPFKXQ1xpPtbX2,2025-12-22 18:16:51+00:00,18,0,Monday,203487,11272,1.1272e-05,4,False,388460020
3EhcuYJzTaSgeNov8TvPiTS2RDG5zDXqpUsZLub5LHGKXy6cyMSaCj6xRc3122SMMx239toKooy5EHQgZ4vH9FqN,2025-12-22 18:16:51+00:00,18,0,Monday,203487,11272,1.1272e-05,4,False,388460020
2YeNpGwBL4f764ABm5WNuExfoMUC9dmsk7YWeyHwfvozvr1z3DtLJh3Eb34FD2LiGGr3RQssStiFfx1ygYH5mnnV,2025-12-22 18:16:51+00:00,18,0,Monday,203487,11272,1.1272e-05,4,False,388460020
2tfm1sUHfdDxB2aVQbD3bb1HFKQc9UkqeksyhcBLz5P1YKvedHWjeEgCpL4vqNjHJAJW6hKDz1KgS9CzgM8yLwPW,2025-12-22 18:16:51+00:00,18,0,Monday,203487,11272,1.1272e-05,4,False,388460020
2f1R4pMUhYBMd3NjEmYqZQZtTRDkvqCrJATg67YdtYdz38J6E4EwFmHUmKqDqXsXSZMTmMCyVBjmdSGiZnJeqfux,2025-12-22 18:16:50+00:00,18,0,Monday,184748,11272,1.1272e-05,4,False,388460019
2754erF2Mja8npca35Rb5WvG22JFk4uuLPw3t36yC4Q3MFETTjiKdqF7c5NLN5vZBpz4HrqxGL9seoVTCrDDuXfM,2025-12-22 18:16:50+00:00,18,0,Monday,203487,11272,1.1272e-05,4,False,388460019
5dAh8cYmv2BnYDqcX9hiqZKEcDVmwR4efGMgwa3VJKhvJamxDe7R8KayJfpYCGYVt6NfxHVvZuAfiiimsYEmVkJc,2025-12-22 18:16:50+00:00,18,0,Monday,32314,5250,5.25e-06,4,True,388460019
3V7qHcP6Ka1o25T8fHNE6BFppe1hYA3rbEzKAiBFD5bUkYfEq3gP2HuC4cacav8SMGQNCrT1YdpXH3p2evq6fYaw,2025-12-22 18:16:50+00:00,18,0,Monday,34770,5852,5.852e-06,4,True,388460019
2dcjD2xKZnTWNe2SsgcQbZ9BLnN1MCyPHHAfWP8FLmTSNrq5GxsQ3JMTiUJc44cduMvWK2hHBBaL8GdRajuSCq38,2025-12-22 18:16:50+00:00,18,0,Monday,155442,11677,1.1677e-05,4,False,388460019
286RGpYpyi29ynJbQursiiBQhu11y4docP5hzxQ6oBeS51UfuN2zKiyGrT2hYqGt9svxrUSe4N6Uq9mWfPWutQku,2025-12-22 18:16:50+00:00,18,0,Monday,171852,6950,6.95e-06,3,True,388460018
5WYhJo6WZoAKTqoNV5qMZmyJUMinJwsdBwgGVJxGtXZLqhf1tfuf4JnnCQFXdj6Wq1CeowPDASy53U6GZou788jM,2025-12-22 18:16:50+00:00,18,0,Monday,25419,5150,5.15e-06,3,False,388460018
2vQfQuwFBMCjNdutNyLEXyFys41dVDssVzbZaVKmBdue8Z8dm7KzgAo9TFtoSFoSpDZYep3MBPKFhhQpdFvYQ5db,2025-12-22 18:16:50+00:00,18,0,Monday,5066,40199,4.0199e-05,5,False,388460018
z46Dj9owyXXVA5s4z9tnjSEFxDswMeNcbZdi2Uj54YfzjLSL242jhrMCryQ2HHwYiNsUvVdXm49J3A8HQVBwKYo,2025-12-22 18:16:50+00:00,18,0,Monday,5216,57798,5.7798e-05,6,False,388460018
5yJFjiTX91y36Xp2cy4c8BTtfktdd95kqzERnFBXrXViV5en6K5bPJcGCkSFK1GJdNuZD3TMjSCeqFS7MqNpkg8v,2025-12-22 18:16:50+00:00,18,0,Monday,5216,11015,1.1015e-05,6,False,388460018
q2MTbAVzXFjXA6RQinbnt2FceDuaU9XiiH9ZncQZ5MedAQ7kQfocMsh1noichk7TSQqSGXg5VbscbDw45vVqvS6,2025-12-22 18:16:50+00:00,18,0,Monday,73911,6591,6.591e-06,4,True,388460018
52RzXPav6iGMD1KmFM3u3rFDAHjxtHkqUo5B7HZYqWM9G8KtRXJWBBcCC7ytZymKSBh3tffnAfiGKgn7wdpo2NS1,2025-12-22 18:16:50+00:00,18,0,Monday,90543,15000,1.5e-05,4,True,388460018
3ZPrmseCsSPdFrRgcjCo95WkZTJTrgdd9jquzR5sDpC3ZzCGGjZkt3Q915o9qdCrDJ75r4ts1rcVCpnqHEHMYA7C,2025-12-22 18:16:50+00:00,18,0,Monday,155346,13922,1.3922e-05,4,False,388460018
43RiaMTf5RJA1eSHQ2GEvjNvTDeiaVbsnbbRPj2euqjvi8wCtMVgHS4Ye5q8Xuu3GxJFEoxEGWzPqDBtdCiZAt5e,2025-12-22 18:16:50+00:00,18,0,Monday,88124,5200,5.2e-06,6,False,388460018
5JJAPPPW1sAFQ8MFwL9nx4tua5pEAPw4SBEmzUevYjZfhMv2rQTzNqpKw6Gsi7o3xTePTB7RJrXFL2cu8fvKZx9v,2025-12-22 18:16:50+00:00,18,0,Monday,86373,5200,5.2e-06,6,False,388460018
3CkbDrfCKmfwgpSCnnpuY2ZAebLGReXxfrxJbTij9sTEWvPaxa8XeQMu7Wjue5fdbVLnuNM7RxPtDzmU21K2PShq,2025-12-22 18:16:50+00:00,18,0,Monday,169724,23078,2.3078e-05,5,True,388460018
4ytGjkA5FnBbfQ3ZUwcc77y6LJYyPy9wZLowsfSR8VmCj4TyLuPFkd7SXYHrSzUFh5siXtxnBUdVosqjVS6Zu9G2,2025-12-22 18:16:50+00:00,18,0,Monday,52152,5000,5e-06,8,True,388460018
BKp6zfXnA1mpnKyw8TYLrqigxePPqSkniMCLfwCZg8sBZQVvsUakeJgukywDmAym33faHsjoEqUr1KCRgmi6iMj,2025-12-22 18:16:50+00:00,18,0,Monday,49398,17923,1.7923e-05,5,True,388460018
65p9fRKHkBb9AWcGbshriBAJdsqqGZEioKEqGxrMPyV2ZyUEYtW1vbKbpAGojgkMSpfbkVWRVrrkyE7jwSrMthZ9,2025-12-22 18:16:50+00:00,18,0,Monday,86412,5367,5.367e-06,4,True,388460018
4Y1rAv9HjnMzeYqftb5NXtCRUgGAn4rcWPfig5QLhF4mSwxZt5wKiypXZ9iXvBGhnjUDj6csFubrr8GoJ6qJ3o2s,2025-12-22 18:16:49+00:00,18,0,Monday,187251,5138,5.138e-06,3,False,388460016
4Ts2pVTbZkVY5VbEX5LMJZmrPvKFbabDkQ6yvTbXTkJWHLP17CMTdn3swq6m56xuDNsEmccMqyEpUBpgk3Xvt5nz,2025-12-22 18:16:49+00:00,18,0,Monday,147054,5138,5.138e-06,3,False,388460016
3JA7yUkEXnZeJxquMjz5DHy6YePYjL3pNoCT4axN5iP4cbVYmhrNYgvUYaAHxcXgN2vUBnVfN9LUBarsvpF7Rj5T,2025-12-22 18:16:49+00:00,18,0,Monday,55541,6000,6e-06,5,True,388460016
2YGmgV5pWWiNAgLhZi9PdFLg8VdFScfjuvq9FekPHRRcGPZUunM1taHJ3Skr2rmgufg7xJcKrBqBTJ58uSbsp7UN,2025-12-22 18:16:49+00:00,18,0,Monday,244264,20001,2.0001e-05,3,True,388460015
3VHUg5CRioAT9t6wYq7MhSNe5CbqnddrT31pAmZhKZ3ugietLEJwzzYBMVtGDBJXGFezqkvXGdzisTEgZK7q85KE,2025-12-22 18:16:49+00:00,18,0,Monday,214649,20001,2.0001e-05,3,True,388460015
2gEmkjdjZyswcGTKz3Rc7njjWva4sELY8NJGbVCjKeKArLA1JFv3x2EV946Fdgv54cpE6zheUnocHQroMppGDyAm,2025-12-22 18:16:48+00:00,18,0,Monday,32314,5420,5.42e-06,4,True,388460014
546xKiaviMFkFCwTKGqfyzjEfWtdVobQjr2tWx2sbaZHuHbBmD4ACiTnMsPt8uDWd1fhCr4ubRuFSDSb4sng1SgV,2025-12-22 18:16:48+00:00,18,0,Monday,34770,5124,5.124e-06,4,True,388460014
trEmvVEW4HTC4aWD3AmLdsFUgRAR2263SZkqNaPKbACtq8DiSGoxP9c572fmCRQZ25TJgDHgqubV1udURuvwoHr,2025-12-22 18:16:48+00:00,18,0,Monday,86412,5144,5.144e-06,4,True,388460014
3WuJhWfudXrHGCMAALbtccMkdftQkrSjSRQjMGyj2CbPUoCa4iM9fjpL2RfyoHUWXQeCgb1uKRnzbGHjSqc1iFhr,2025-12-22 18:16:48+00:00,18,0,Monday,60359,6000,6e-06,7,True,388460013
5A3mTHXvAb3LeKtNi4B5uJGpkjYNNaJ8ZG1tcpTAzszBwuK7jQrk5Zizsy3AoDqmeVBQCdCPvHvsbz9EqjJypAbQ,2025-12-22 18:16:48+00:00,18,0,Monday,263236,10000,1e-05,3,True,388460013
2jX5VdkYioNVtwHbtzaPv6YHBNTKpjYcty6Sj84nXq741dGvDoKhKTAGJzYuzxpiyZ5x6TmYapH55nx6gicgY3St,2025-12-22 18:16:48+00:00,18,0,Monday,138228,5000,5e-06,5,False,388460012
3WKcBt2xynshMTWFvTjFrQ6ZTLPquTbBq45UCTPhc6SvvBNjwsqkybLAYHUPWizmTDevEUTsNH8T6BX1qWe2Smx7,2025-12-22 18:16:48+00:00,18,0,Monday,130823,5138,5.138e-06,3,False,388460012
4RMw6Fa8EaE1Yednqtr3mZXQBdcSF4FB3f3Yro6NcZKMwvHBh5cFM44tt9pVzrpaYC1wYzT7BzXjkcvNUJuWEJGd,2025-12-22 18:16:48+00:00,18,0,Monday,95959,5138,5.138e-06,3,False,388460012
5oBbjAbg9iqRFzRjWUPYKnYKLn25E55msheMXpuU9fZtEgXeWBY67iYH7A3Z9d99NwGnnGK2wr4BrsB6xZA57XoQ,2025-12-22 18:16:48+00:00,18,0,Monday,28118,5000,5e-06,1,True,388460012
3yXZE81MXYpb3xqmitUtLgDKrUY2Ms5kUG3avkS4ieF6P9xdaMgkQ3AZVzruKtyCTqgyarrYG1jsHwa3Q44RxwKk,2025-12-22 18:16:47+00:00,18,0,Monday,147872,10000,1e-05,10,True,388460011
4PGBgYPszG3RwEWL9G4DrZ12GUJnGDvnX1tUohCGTmBZRcxatw1jbAvMmpTWD9iwytXv9sdb3iJ8rA5ERQTYaYCV,2025-12-22 18:16:47+00:00,18,0,Monday,90789,15000,1.5e-05,4,True,388460011
4ZroXP7oFeU5g73hcFVYaDvcXLsHbUqqrytZWZX1aHviJwtw7cK2U5uTAD7hPd1KrkM1UMADNVcbQ52Eqt6TNtK1,2025-12-22 18:16:47+00:00,18,0,Monday,32214,5733,5.733e-06,4,True,388460010
2bRaLkr9aGza1SYhQznR1EbZssBELV3sYud1qLvefrUVH5T9bZUyb7nMYaa72y4GUy3WLL9KpGAkLvd4gRDRWQbD,2025-12-22 18:16:47+00:00,18,0,Monday,34770,5414,5.414e-06,4,True,388460009
vPuRC3Mr9c6ZbvKsosufxJYj5Pw7pqAWhV3ALzAdsBkNwxevkxVGac1cDytm6Y2tR6sC9U2AJaNCiW3xoy97fKm,2025-12-22 18:16:47+00:00,18,0,Monday,86412,5394,5.394e-06,4,True,388460009
ypFP1q8oHR98H7ExzkEp2yv4pf3AEz5iQ9Z7NhYuGbLDPN5PTJmvDJaCcGpafVGgpaiS6matyhu4cXTvT9v2AFR,2025-12-22 18:16:46+00:00,18,0,Monday,130823,5138,5.138e-06,3,False,388460008
yQcYPgfSa6xvDtFuY7QiuFkXqMXmxZHSKokjPx6NCmcBBr7r6xVwwymuNtJjaajBSbjfb8cfr62n1uZxfP51Jp6,2025-12-22 18:16:46+00:00,18,0,Monday,72645,5138,5.138e-06,3,False,388460007
4HrXTcV5S6na7D8DgQ5JPEsPeWgeEmfkVandRsXdrwYKpUgW87Ca2MQ27z2GxZ3qL4FE9XzPr1S4f85nRqWU9XpQ,2025-12-22 18:16:46+00:00,18,0,Monday,159831,80001,8.0001e-05,5,True,388460007
37VoFrvZ8z1RujgmYZMaDZDMfRxdVZPvf6HEPBRX7p3iNiQhCre34m52Qcw6z5vEPFmmSumgAbiZa86EgN5sypwG,2025-12-22 18:16:45+00:00,18,0,Monday,130823,5138,5.138e-06,3,False,388460006
32apW1ue4NiStWTo6iCEWFNQCTyr3EYXt51GJfr3Gx2MvyEuJfdsmBrDdyKVwu1RgfwsHQLu8jRHEJqri7CGJLyo,2025-12-22 18:16:45+00:00,18,0,Monday,32214,5504,5.504e-06,4,True,388460006
5Ch99WwsEaQJ8iyWzVKJRXBhcC5d8cSJKi67fV9toLVzAkF8fiNyR4q98kKg4FAE9qsBS7XbEuFyRPd9jCTCUsk,2025-12-22 18:16:45+00:00,18,0,Monday,34770,5515,5.515e-06,4,True,388460005
24Wap56Pv78VgkwMqZ4JhSqcp7WoTsD7vkW6HVoXTXbU5hCvW55mc5cASdbPHwTxeaYi4GqBiYmgcVdtwuYeqkpe,2025-12-22 18:16:45+00:00,18,0,Monday,86412,5875,5.875e-06,4,True,388460005
4AiFJnxuKuRBvo3sX3dieWnsZxyC3AkKVr1qjHymKPDx3XWA5J9WrCc762sZL6kpKrN6Fm6Koh7qLXJr17CBh5dN,2025-12-22 18:16:45+00:00,18,0,Monday,167472,10843,1.0843e-05,4,False,388460005
5C3o8uZ9KeHcp5d8m2xnQi2MTAkxP7vDtyrcod8A9xhk8CGwvA4fauJpG3aj1aaAK6WRdJ4evsW9kMEKpmm5NRAU,2025-12-22 18:16:45+00:00,18,0,Monday,167472,10843,1.0843e-05,4,False,388460004
5gL6icRAeCmofwBGoJdXrE7atuX5Q1pyetHk2LgJUYAeyL5oxzqN4C1SL2Z7SKxcFer3XbzPndxQQBukd1ZeAQzm,2025-12-22 18:16:45+00:00,18,0,Monday,95959,5138,5.138e-06,3,False,388460004
4PRPE9oHcriUE115bQyfqDf6TmKoTGqDwchDZvAoBgbf68KXXkxoqdfqJSpoZD8kwnf1JgxDxCdJneqhfj61xbEW,2025-12-22 18:16:45+00:00,18,0,Monday,167472,10843,1.0843e-05,4,False,388460004
2st7smADKNZkWPssgsSGUAf1NY4pLDuoAT5ixhkXhnFWN6KDuvFHkk91b1t2BudzZ9Y1A5VjsLJ3zJjTUefw2Jxg,2025-12-22 18:16:45+00:00,18,0,Monday,167472,10843,1.0843e-05,4,False,388460004
5dajd6mAeVcKmTCRGXYRKUHd9ZigcEwVQSr3WNVp7M9kEE4k7NU9QwFfQrUYCFqCEnk3DydfaKoA6Mt1P5E8PZxR,2025-12-22 18:16:45+00:00,18,0,Monday,167472,10843,1.0843e-05,4,False,388460004
3GEcWqRLonz4CjuENDXD5Lhp2X9bWQxYtA1TSKFU9pnQ2Cwxocyn48GH8AymCoDvzSdsbyywss5fNSKehogDckq3,2025-12-22 18:16:45+00:00,18,0,Monday,203487,10843,1.0843e-05,4,False,388460004
2Guz4DqNWsCCj13h5phziSzn9AGfEpTwC6xwDqMRzjh6djLcgon1fZRaJLRzwyL7ZQDpkDYTUK1TEKTULsED11mw,2025-12-22 18:16:45+00:00,18,0,Monday,203487,10843,1.0843e-05,4,False,388460004
3YyuhctnuiSrvjPKFmdnqHaagY99ACHYCybGzL5LwwaLqbArzjQFboTQaRh6zArQFD2KBdsnh4dQhK1r3T2EYNna,2025-12-22 18:16:45+00:00,18,0,Monday,203487,10843,1.0843e-05,4,False,388460004
4yHFNkEPyck2bCPGnE4iY9XDC4Lh6J4thQJ4NgY1kYvEepo22Pe3LujwrxJDeuWzQBSZ174vYK3z5K5CJmoRwnVg,2025-12-22 18:16:45+00:00,18,0,Monday,203487,10843,1.0843e-05,4,False,388460004
2pk7P9nZjWCSro5ztRgFvXzhw9yd3dkYLgd4a1guSnbMR2s1ZrR6oyp2gMZScPXvLPtCRS9WWBSp95EWdHY9dV3X,2025-12-22 18:16:45+00:00,18,0,Monday,203487,10843,1.0843e-05,4,False,388460004
5RiJssUNCRtvmFQ4SCrfDjejpewLovqEEweT9xdd3UHr1PRuDjQyAVMUZWzHwMqcPoBbMC6ibbYLmca2AfqvYPbL,2025-12-22 18:16:45+00:00,18,0,Monday,203487,10843,1.0843e-05,4,False,388460004
VXeZbexsyEzMexHcCEH59QDET3d9yWergR5moPjAS3EAx6HpmJqwKGkhMqekBnyQcYD9czgiEqSVnJqQbt2fyFU,2025-12-22 18:16:45+00:00,18,0,Monday,78810,5000,5e-06,5,True,388460004
k1fNn8TYz6CHAHnCSzscXLnXTDwLAaFTKkovXoiEBXPHna9zcaTjrF7iT1Tfui9VQ2DDxmZMzk4dmjQvSWRSsfc,2025-12-22 18:16:45+00:00,18,0,Monday,147054,5138,5.138e-06,3,False,388460004
PwtovzoNrCLFURddxLEeGJNZhiAEbD9zP87G92ymaevbq5r3oiaVkfT7jWpEXxoK4raKqu5weodqHyCQWHzacCa,2025-12-22 18:16:44+00:00,18,0,Monday,28118,5000,5e-06,1,True,388460003
V9n7E5RByxETv5LYT5KRK52veWiHgGe2fFrZsD1VsqNwtsoYSGXDdN6odrqTE1keGM4EnAkL2prPo8yZMF5PZJx,2025-12-22 18:16:44+00:00,18,0,Monday,45048,16251,1.6251e-05,3,True,388460003
2NU6WusYs3rXDp2ymXrKavXqDsL7bzcH2BEou8Ey4PrbQMeEqVUjmgBV8i3sHzGgj7K6uAXcVDkRj9kF2CouYYM9,2025-12-22 18:16:44+00:00,18,0,Monday,40515,7925,7.925e-06,3,False,388460002
hzC131B1JQMcV3mJ783MBWLKsj9bn57rTYycMWPsEy6ofNppmNAqvxrqub72b6RY1oUCmuqy31zRLmRpNLLpFNn,2025-12-22 18:16:44+00:00,18,0,Monday,240919,10200,1.02e-05,3,True,388460002
3mCV2J4ecDajm7GZFxZ33oQZcG8SC7Wm1w9fhvobfNzNngmgPnk5qySD7bJLhkCwBb96tA5bU7JQhJwB7YzoPLWN,2025-12-22 18:16:44+00:00,18,0,Monday,35186,5400,5.4e-06,6,True,388460002
3oas27AnrrdRb2NFL7HwepRC7ZUUSu1gXh542NNrmbciVQX3mqAwM7gfLB4VW9VpLyuXM4aZ7VQ4RyfUwN7q64bZ,2025-12-22 18:16:44+00:00,18,0,Monday,102353,10277,1.0277e-05,4,False,388460002
iecEGnNTLveAmA3CeCNFdis3ZEAS5b7S1meufVUJhLZsSTcNSCo4nM3mv2ZLJGyKKomya7M6fxNgpJr8kEBcP36,2025-12-22 18:16:44+00:00,18,0,Monday,86470,5000,5e-06,3,True,388460002
2fENCn4bdC2ximNCRBGXYsXk8a7kK9LK8hp9dddo1T7gSXMjHeHeR1PBJqgif1wSomb52rMWsJn8QWCvTmiMYrBg,2025-12-22 18:16:43+00:00,18,0,Monday,91025,15000,1.5e-05,4,True,388460001
5SngZePpbVV3CnMtcUeFun8zRBdqm6Kh32CVhng6iHBZt6uS9DhXGeJ8Xuv4QMvdtu7PsXfEmoWm1R9WMBBYGc1U,2025-12-22 18:16:43+00:00,18,0,Monday,34770,5260,5.26e-06,4,True,388460001
Pc1HPFoqeXJbyeF1sgmyVvMKyPXAWVYuMPE8idaCL5AcA4GpRoJeG4J9ihm22PLekNvaNijbxz1Aia5e4Xfd9z1,2025-12-22 18:16:43+00:00,18,0,Monday,32214,5485,5.485e-06,4,True,388460001
LZr8XN7EqyPUXpfooBVrbWajwvVFS9t2hxpVpVAYjPEaMcULziZY8G8qezcexwXaCMbfcSjxdBXXjjzF5FeRq7Q,2025-12-22 18:16:43+00:00,18,0,Monday,147054,5138,5.138e-06,3,False,388460001
3vYvyzVpQWXXJiV8x2BGK8tF5rfr42zjH2enAXRB4ggVjCdkMaEAM2hdzGnMX8sW4KwA6BAzddHaBRe7hKnevMP6,2025-12-22 18:16:43+00:00,18,0,Monday,86412,5525,5.525e-06,4,True,388460000
4bA15TFTKYWdPsizfANFGLU5qmurnDvRNi8RaMd7xkeDM3vQWR442mudhBbprGCdxFwnAcieiMCD1LaxgxGXPXDf,2025-12-22 18:16:43+00:00,18,0,Monday,28118,5000,5e-06,1,True,388460000
39RKaybrLr7fqbCUSK6iEZmG3ubavNu2DRnM7uoaBJAw8FQaYEUcrCTaScBT7ERqH1rTjbC5gbxW1AwZE9FpVo9s,2025-12-22 18:16:43+00:00,18,0,Monday,57036,6000,6e-06,5,True,388460000
K9X4pAZ1yBYMgYSxRNhtSyCm2hBypgnZqVSckLLmB852aYx6AgTzWKQ3pGmD4hkAQfA29XghZfjHWpTGAowgtDf,2025-12-22 18:16:43+00:00,18,0,Monday,58742,6000,6e-06,7,True,388459999
X9UDhA8AyupyurvfKD82qRybnZvVV47Qt4LKrwPnCpvuPaNqLz7GNXA2sXDKENRzqWeSrKv7g5S192XDUoVbucv,2025-12-22 18:16:43+00:00,18,0,Monday,46814,5000,5e-06,3,True,388459999
2frwRW2MkjGgK7kTtLMzSAjhJnAcRRFHj8dBNxUUkb8NNv1LesqmEtnQr7JwfKyAxbzgDZWWYeb8HtdSyoXXKDe1,2025-12-22 18:16:42+00:00,18,0,Monday,147890,10000,1e-05,10,True,388459998
fgeXo2WTKAYrmdbHjwhPKLWtBBHtgkXQ6ptm9V1274EC2AUZFA1M3taERz9YvBq3gtiPMvTa9KwM3S9er5zFKLk,2025-12-22 18:16:42+00:00,18,0,Monday,187251,5138,5.138e-06,3,False,388459998
328m6prDNLt1a4GwidbsaxyqQ6MQVgoDjADcmSy1DRG4G2dr6cJ4K1shSTi57v5mYpDQ2ATVrSgJfAKUfusZq1wA,2025-12-22 18:16:42+00:00,18,0,Monday,105665,8295,8.295e-06,6,False,388459997
21WvHoLJah5rxLkX21q5bTvrRZaZaSmaaoZtukTN78WR6dX2JLAGtZNrUEaH1DgJKpEkpbgVLG7hP6AhktkhJEgQ,2025-12-22 18:16:42+00:00,18,0,Monday,63976,610000,0.00061,7,True,388459997
4CS4Ztj9AEcm5WW6xZC4vziKEqEZzThgnPRvRF66ootQjf3xc1Ss77ry6ggVrcMMYo8RCRFJUxzpw58QzZHyaUJy,2025-12-22 18:16:42+00:00,18,0,Monday,46960,5001,5.001e-06,4,True,388459997
3GLYVkuHjq7vBNiW7uMThh5kdF2kpvajkMnw9owcpBbneoxY5mE6F1gEi7TUYv6GksTsmQ4VgHwGkFbeVsZ9PaTE,2025-12-22 18:16:42+00:00,18,0,Monday,32214,5647,5.647e-06,4,True,388459996
7AdDCMP2BGUUV9Lk6nbM5iLNSo8Bj16UwPToAq3tL6Jx5sc49ASsMx4AN9XsAwaGCsw5U4eTBxeqWjBBRj4qK7w,2025-12-22 18:16:42+00:00,18,0,Monday,95959,5138,5.138e-06,3,False,388459996
5rVcC8xa2nY6LkjwjLrw8AJzStw5mBMaNzcqC8y685N6NNXdCH9qyxsKkr6FkWqdoYkcw3nDWGYzQfQcMj4VRkhH,2025-12-22 18:16:42+00:00,18,0,Monday,167472,10843,1.0843e-05,4,False,388459996
3NNdAK6t7CJqRWz3hVYqpCx8L3jSbdPXEbFYX1QwprvCft9vKSxJJcQ4AZNe4MUS7P5DgH6d8G7REHGfAaLmyHjj,2025-12-22 18:16:42+00:00,18,0,Monday,203487,10843,1.0843e-05,4,False,388459996
3agoPj9N9eq7RcjFtnFkWBs9h69rSpfeutHScGvhvWTWU73j6vAWSXUNwgtRxZ4zXcRtGucNYDt33rDpA1cYn8Cr,2025-12-22 18:16:42+00:00,18,0,Monday,34770,5069,5.069e-06,4,True,388459996
SgR9urvUDvyj1TuucTiegj97xUFi9MPhKCAd4kTnU2ymq5FoTiEGBfhhzefdAnyVwet6G2Y6gyb4YySJbQbbRJ2,2025-12-22 18:16:42+00:00,18,0,Monday,167472,10843,1.0843e-05,4,False,388459996
79qUV4jZ852MWXg5MrVstEwEvvjBcp9cR4rMpG7vZQGpgkULfaFSee8to9khzu7qb9bA4nRg65QNXGg9DcZ4Pt5,2025-12-22 18:16:42+00:00,18,0,Monday,203487,10843,1.0843e-05,4,False,388459996
5qegVpV5yXQaZcj63yaxTEWfiJz7qRtrGXuko4hL8UEgBjzvg7JQnYr8bk1iyRJrNUSPamFhkM3HDXtaUZBdjGwV,2025-12-22 18:16:42+00:00,18,0,Monday,167472,10843,1.0843e-05,4,False,388459996
34HzRpGCAS4nnqwM1YQnhTHpexQXuMoUHtJcy4AY5G1wqKtLvGJKAWx3UiV7AqAZ4ta1ovYfT3LxCNV7chxv1gdv,2025-12-22 18:16:42+00:00,18,0,Monday,203487,10843,1.0843e-05,4,False,388459996
3xhehhfFMK5AHj7pnND1oYhwskEpao8Uhvn4mShp2puat6v96QhbA2Js591nvmiTvozZb3LPHVxGGeMh2tVokW3f,2025-12-22 18:16:42+00:00,18,0,Monday,90691,15000,1.5e-05,4,True,388459996
um5oaAdCxnX9YnBDszZCwozBNjo4wcQ2iQ8in5V5wSPHfJC2J8G3ZYPJ5MrVvovDV8fB4BrgMbJKRHbNZk84KFG,2025-12-22 18:16:42+00:00,18,0,Monday,91023,15000,1.5e-05,4,True,388459996
3XDHHwBrKNYBgoSMLQgWsyni5zokvACEs7JHJZwP6AtyAZWoBewainkiHVg3amSuPNJJJZeEhwSSp5wVtbGXWh3g,2025-12-22 18:16:42+00:00,18,0,Monday,86412,5882,5.882e-06,4,True,388459996
29awN1UHsc7s9wrc2egffntULxYzyoLN8yiRHDtsW9yFP6FkQvt7Q4YmAiwNS4CH9FbnyJfuZDtQWSUokE1imyJV,2025-12-22 18:16:42+00:00,18,0,Monday,167472,10843,1.0843e-05,4,False,388459996
3EVe3p3GoGc225Q4w76RvHcBnteimSFC3g8P2soeUQaF11JksPYxmsuhhAPib6TyN14iP8AKRqnp594inNPnLspJ,2025-12-22 18:16:42+00:00,18,0,Monday,72645,5138,5.138e-06,3,False,388459996
5qNpDqALkmfAATMeN98MNpZaUmy7BDeMnft8EnPbeki5JFsfAr3QATCt1hTyz5qwxYfjFCaRQXNzftMAtHR4gBJ1,2025-12-22 18:16:42+00:00,18,0,Monday,203487,10843,1.0843e-05,4,False,388459996
Ntq9iwsurEUjJegM3J3p4L9dgkWxVDhEgVwTGEFXgS2RLy9KNr2ezaHDfTQ4MhWhPixwTWL8QYT6jZKW9xwwhWg,2025-12-22 18:16:42+00:00,18,0,Monday,167472,10843,1.0843e-05,4,False,388459996
2V9xNx2umQtiLZdBtveRjrhYEay3gsZHzTaFmvyS6PAChPd9P4LaiyuRgKo1qeU8brpftEqmZBA1dxXnczi4TWnW,2025-12-22 18:16:42+00:00,18,0,Monday,167472,10843,1.0843e-05,4,False,388459996
5ppRFGB8LDxknbdChD1goyqeoXxBeT5eBnHyDN5RLaF7qJZPRUbK2iWKxE86ybXwEv6zbzLXS2g9KGVeAp2SXF53,2025-12-22 18:16:42+00:00,18,0,Monday,167472,10843,1.0843e-05,4,False,388459996
2CQ2D9xgBoy9NrFHXbcPx17HQE5iacbB7ZqoSy68aL5urhzFGPfy1aZy66wpuabRukWvZfVjCpMPnSdgYZeCVFZf,2025-12-22 18:16:42+00:00,18,0,Monday,203487,10843,1.0843e-05,4,False,388459996
49NX2NyrCkV74Zr5k9E1x85gJH7ZyjRHPkMNiEZyjYMMDjzMnzAK9WjZD5dBMGBQN95xbcE8Xq3mHEcnZEfq5yaH,2025-12-22 18:16:42+00:00,18,0,Monday,203487,10843,1.0843e-05,4,False,388459996
3Enb7G5LJ8zzEsvkBm31cfXJp4c6erLtnF5Ze98KJK6RM6VKhJBrLweRRYQNQPrsMNhrmDpRWWD3w8riDqArAbhW,2025-12-22 18:16:42+00:00,18,0,Monday,203487,10843,1.0843e-05,4,False,388459996
4MUtV1CA4Y7eaKr3KdSqSHEwGrLNdtt9MybNgy7bJUxNxsTWfX1QbSg6L7fQzwMgQPcPBNFKYmxQ5tGZeFz7ML1x,2025-12-22 18:16:41+00:00,18,0,Monday,46864,5001,5.001e-06,4,True,388459995
M1NQKRbP1BC8nhZ8sH7ewNfbEZz9Ptg6GUF2UtCwDSL2uVaPs9X8ycYibFGhkXdP9qHq46wT4TkJ6UkH5tMSQWp,2025-12-22 18:16:41+00:00,18,0,Monday,13930,5000,5e-06,5,False,388459995
4cbWMTwrtezu7hRc95WzFhMRYfsfuJdpvbRdbrDK8ssbWMNQJd2zkdZpTWcpauf5SYmLoNiUh2scxGefRiErbTex,2025-12-22 18:16:41+00:00,18,0,Monday,30396,5000,5e-06,5,True,388459995
owsXuqk59DWEiKqPC1DdpctRGUCjGn9YDAw8z5u8FNbTYJrrTDSYFjfNjZVDF5a3Wp6bBgcq8WNCwcxYDrEPJFS,2025-12-22 18:16:41+00:00,18,0,Monday,187251,5138,5.138e-06,3,False,388459994
54s6gyRruE7G89SM9MSZSV1HuRkse7Ty3Bf6NYfUNA3agAQCn9iDxngTgWAqwa8E4jhU9DRVSHZirdLMAroSuEZ,2025-12-22 18:16:41+00:00,18,0,Monday,46969,5001,5.001e-06,4,True,388459994
eqcWpsReQZ8GeysSB75F6G3Nq22m4HixHHdCPEepDZkX2N9sXqUj2eNfEih2gfy1m9xQC6eJpE4CK1GgYUTm8sW,2025-12-22 18:16:41+00:00,18,0,Monday,55541,6000,6e-06,5,True,388459994
PqGz281789xqKwrgVMgjJHK5Fwam7GQ7h6aT4U8VLKbHqKwEcUwW4uKQjteJsuYZ3eqDUTPKBtnRRCsbo7gVnxp,2025-12-22 18:16:40+00:00,18,0,Monday,46970,5001,5.001e-06,4,True,388459993
5s1NqQNmzHdxyZ487a3nTHuJDHWChxLjK6zmMGJq4bdiVF1XE3vtmNE6eACCPHejLPn8Wi6VrpXx7W92MzMfyxZg,2025-12-22 18:16:40+00:00,18,0,Monday,28568,5000,5e-06,5,False,388459993
zXNTVWBV46MWbmNmVJRDguYJ1PLhwecrE8s5CU2vUeMPKCoD17PALyVCQMhVgV7gEpecavbdHBWPYawd8JGHuNb,2025-12-22 18:16:40+00:00,18,0,Monday,55541,6000,6e-06,5,True,388459993
2xEFoMy3Zvkhb5hhvvMP57tgVJTw75wu1Umx8R1MQZP4rDVrrzWP2bMsXiXgndf7hQdfxvZbAHX2SEKErMdkRkM6,2025-12-22 18:16:40+00:00,18,0,Monday,34770,5390,5.39e-06,4,True,388459992
DRR16sf3dUYqCAoSreHEqXAyR6WucrJChaK4L2C9NuX1HDCZDyjUipCi7LKfvBfF3Q56Zm4bYrUeuGJawSdDHqe,2025-12-22 18:16:40+00:00,18,0,Monday,32214,5869,5.869e-06,4,True,388459992
3GGevQYxJeUYH7uAJqEhsi9yBMDoPvTvVWHEKzFfB3KMs2ZSLYX1xEXuwq6pXBDXv4tNZ2NVpgVzhQQY4SSieZNA,2025-12-22 18:16:40+00:00,18,0,Monday,187251,5138,5.138e-06,3,False,388459992
3zGFskZPFquEwcDo8AjPJjmQwDAN6H2xs9M75nbHqmvpwsdmdeDnrZ6RZmACcxPJNc1EKMmHY9ESfhoxyveSeiGZ,2025-12-22 18:16:40+00:00,18,0,Monday,73524,5200,5.2e-06,5,False,388459992
4BFL4sWHoWTYTQ6JmWcLoFGMSPMwNnH9tDqeD2EfvuJEYSvozLadk5PTVDAUU2hUNUGoTu7VPAac8qw6ggMsJ1Vj,2025-12-22 18:16:40+00:00,18,0,Monday,147054,5138,5.138e-06,3,False,388459992
2VguetBhCyFfnmJ8g945Wn2J3ZbZpUKrTUHA8d7oNttZkEFG4uAUNMz3xWvwqix5kbUAcSdkKbtfv2ggWtbZjV12,2025-12-22 18:16:40+00:00,18,0,Monday,86185,5200,5.2e-06,5,False,388459992
4tuYdzSKMwpgy2qH59TTdj1RJ1DK2JtcBPgvfdfpGviKuYZ3KFSLoQTZQSqMhmRfuZicxfzaS4FoqN1yis72KBuy,2025-12-22 18:16:39+00:00,18,0,Monday,86412,5626,5.626e-06,4,True,388459991
3EfKL4Lf32vUDjXado8tTWvkPoB8B7HqwXEwPESP16NPTdWqsFvv9HAVLWFArLSaDEPGaUvB3fhGAXhBV12hS8qW,2025-12-22 18:16:39+00:00,18,0,Monday,102528,118034,0.000118034,6,True,388459991
